,NO3,TAN,N2O,deltaNO3,deltaTAN,deltaN2O,pH
1,2.9408968897,19.8461706603,0.01,8,11,-20,8.5
1000,9.5963442032,2.6811498315,0.6803953314,9.8830779027,22.7356885737,-7.2852630796,
2000,10.0837579544,0.2513206099,1.6977378594,13.7065206116,32.6451075055,-4.7989631267,
3000,9.3397262917,,2.6862453421,15.8211298137,,-3.1810218743,
4000,8.7211534368,,3.5899671749,17.4754090219,,-2.027471851,
5000,7.6951115198,,4.4089454458,19.0285250383,,-1.0994210133,
